AADHAR,NAME
889634058233,Nitara Mann
529477178285,Jhanvi Bhattacharyya
365581784985,Vardaniya Sachdev
127526972636,Pihu Krishna
601937619908,Nehmat Sarma
199791918131,Alia Iyer
120016054479,Aniruddh Batra
190515825447,Advik Gulati
543863914629,Arnav Singhal
901742831506,Kavya Bahl
451701097813,Reyansh Issac
777633814445,Alia Wason
604459624931,Abram Khalsa
608907663094,Badal Vaidya
231362407279,Veer Mallick
257228985889,Adira Shan
960810562983,Aarav Bath
822505041786,Shlok Rajagopal
504590603851,Dhanuk Bassi
499735757915,Anahi Ghosh
548355249830,Indrajit Chhabra
179301619635,Purab Bali
383490563570,Hazel Balay
639618046327,Aarush Sachdeva
101161553184,Vaibhav Saxena
334228240354,Saanvi Bhat
386203792684,Shamik Kadakia
692004596474,Pranay Tandon
516946522418,Lakshit Boase
508542391843,Ivan Varughese
728564962329,Nirvi Seth
291030537121,Mahika Buch
955126276292,Nirvi Sandhu
225436754969,Jivika Vohra
663215753189,Ivana Walla
715673052796,Ivana Banerjee
484439007832,Rati Ramesh
141516753169,Khushi Comar
467329741466,Yashvi Chhabra
254473347290,Miraya Bala
592444371910,Nitya Shenoy
107026783651,Gatik Deol
972488813523,Yakshit Bali
528422824667,Trisha Thaker
931967933992,Suhana Rastogi
695822674441,Dhanush Ray
383062319517,Samaira Chokshi
136575185881,Hazel Sachdev
690871672705,Samar Bir
454970356773,Neysa Lala
707802589718,Samiha Bhandari
985083956847,Manikya Badal
793115910847,Uthkarsh Borde
596523939752,Ela Borah
555397118556,Siya Bera
123946240521,Jivika Bhatt
973004222546,Piya Chana
881727627995,Tiya Bassi
928706510815,Ira Gopal
578468825911,Jayant Kade
146093231228,Advik Sunder
514156341361,Indrajit Loyal
414108249292,Aaryahi Konda
470424187975,Yuvraj  Arya
873521611916,Vihaan Sheth
832283383278,Nakul Deol
404267566084,Nirvi Malhotra
432678249196,Ranbir Sachdev
844733581968,Aniruddh Sethi
457657551897,Mehul Varghese
291817871587,Adira Karan
645307014004,Anay Dhillon
439739622445,Samaira Malhotra
494503512771,Abram Thakur
669078421001,Shray Guha
636020713530,Lavanya Gala
350125950698,Krish Kant
262193250490,Bhamini Ravi
708910404136,Charvi Bandi
559690912790,Elakshi Shenoy
730474772539,Ehsaan Basak
595856006191,Samar Seth
787344046809,Charvi Gour
997113733705,Yuvaan Bajaj
657575910692,Aarna Bhasin
506924284100,Mamooty Chaudhry
926253846140,Aarush Majumdar
312438980536,Rania Vaidya
535262246547,Kiara Gaba
782268707907,Taimur Krish
646006095325,Rhea Gade
151399821194,Ira Ramachandran
948068754514,Heer Dasgupta
357258026642,Uthkarsh Madan
458960366640,Uthkarsh Tata
110558869271,Mohanlal Sachar
205809106597,Krish Sule
380813097689,Taran Rajagopalan
188845442571,Sumer Dar
665012636935,Divij Bansal
807185577183,Pari Lad
648267466002,Umang Sachdev
403508625022,Eva Shenoy
861716620637,Kismat Shere
718529245724,Parinaaz Zacharia
508982444565,Myra Gupta
329985999814,Vaibhav Bandi
186290551683,Jivin Bajwa
861733122598,Nirvi Mane
263463059506,Onkar Varkey
915375388159,Zoya Saxena
456559218194,Onkar Jani
543074142778,Pranay Kari
798462675238,Amira Goda
812098564988,Shayak Iyengar
183292918344,Nitara Saha
316891168902,Rania Chandra
594451673377,Anaya Ramaswamy
114699100349,Priyansh Ramachandran
941512918692,Gokul Goswami
313176004587,Hansh Sankaran
286131475630,Ritvik Sha
728029138863,Ivan Taneja
967486045632,Nehmat Chawla
449939696399,Shaan Atwal
144913968429,Hazel Venkatesh
492667996210,Vardaniya Bumb
802015543328,Darshit Gupta
264529354024,Kiara Doshi
402694189155,Nehmat Venkatesh
117126851718,Rania Ramachandran
825534739529,Ahana  Bhardwaj
775065041902,Kanav Hora
722389859760,Purab Choudhry
760621521935,Hunar Chander
839342278471,Anika Majumdar
361565862651,Chirag Krishnamurthy
812232323540,Zara Varghese
517274988513,Heer Bali
672094102923,Jivin Kuruvilla
636847181003,Tara Hora
163517555212,Shray Acharya
612452044024,Vritika Srinivasan
859777834452,Fateh Dara
925254533166,Jiya Yohannan
196730146297,Divit Gupta
238452275577,Heer Arya
244544471687,Sara Gupta
171643399138,Siya Contractor
349208139032,Zeeshan Hayre
302823183816,Baiju Kapur
242845577638,Darshit Hegde
839313105291,Jayesh Wali
242782896522,Mishti Sood
877104026295,Riya Devi
116319903152,Eshani Shere
426164464939,Shayak Chawla
944314129899,Hazel Koshy
923084200746,Hunar Biswas
154345666155,Biju Mall
791945642488,Indrans Sarraf
244846329462,Pari Thakkar
550780993547,Mamooty Jani
805213196285,Himmat Upadhyay
322851633527,Prisha Tailor
246788745144,Arhaan Sankar
553392794882,Tara Khare
286286923032,Farhan Kaur
800864593467,Aarush Mand
553975696511,Kismat Mander
431755388109,Akarsh Bail
122520477107,Zeeshan Apte
125430465052,Azad Barad
214782107454,Anya Sangha
160561455355,Kiara Ramaswamy
467887055216,Dhanush Kala
160306394304,Inaaya  Sarkar
397235194018,Mannat Andra
389949054354,Jivin Ramachandran
776269065749,Manjari Bail
564656001709,Pranay Jayaraman
453846767259,Divit Bera
950368242827,Mehul Bail
724357299013,Misha Sama
621868522762,Zara Kakar
150607507027,Emir Kala
447254001418,Jayan Devi
269887633703,Madhav Bhavsar
747303335865,Nayantara Krish
771409167473,Zaina Sengupta
143890843834,Renee Samra
355810004126,Kiaan Karan
762389656331,Kiaan Chaudhary
153643454097,Ivana Ratti
760059841541,Nitya Sane
386602403455,Hazel Sankaran
126334479060,Zoya Gara
531855582700,Hansh Ravel
485210420839,Prisha Cherian
769691167828,Manikya Saxena
446867822700,Neysa Vaidya
973068058640,Gatik Sura
793918680179,Rania Gill
331545574149,Miraan Kalla
778287148703,Bhamini Guha
316743437729,Gatik Gill
355883018586,Saira Kumar
459286535163,Tanya Goyal
809583928111,Riaan Sharaf
969531837414,Amira Ramesh
425786053875,Samiha Vora
259973780305,Jivin Bhatt
808385131163,Ryan Khurana
774607704666,Aniruddh Saraf
604225357635,Azad Deep
843808098765,Alia Vyas
169658896441,Divij Mahal
705587685531,Saksham Banik
325592653219,Adah Bhatia
859027001083,Indrans Dugar
838630640942,Yuvraj  Rout
503076128920,Lakshay Sha
913990820985,Tiya Din
211059791500,Sara Yadav
180374175338,Ranbir Shanker
200875662902,Keya Tank
142345391688,Hansh Batra
529167041944,Emir Madan
364882413621,Rasha Deshpande
657359507071,Dhanush Mani
711317011775,Mohanlal Lanka
768750426457,Dharmajan Chatterjee
313940245339,Zara Yadav
706376176520,Jayan Gala
504660126634,Yuvraj  Verma
718337109305,Aarush Hari
270076534111,Hazel Som
391630766518,Myra Sen
503225670232,Ryan Apte
668175722543,Devansh Bansal
967690712906,Shaan Sarraf
242231445977,Oorja Kothari
865913222030,Aarna Rana
137891811171,Purab Bobal
873389546798,Samarth Dutt
191738593847,Shaan Viswanathan
991302836729,Dishani Guha
979835249251,Mannat Rana
810249330964,Lagan Solanki
668267946840,Shaan Bath
699557383422,Reyansh Karpe
799500795305,Kartik Chandran
700395963987,Vaibhav Yogi
980832468324,Veer Ramanathan
563547299794,Samaira Bava
151831358439,Badal Suresh
451288693847,Ivan Seshadri
244511111039,Hansh Seshadri
412912786593,Vanya Sodhi
853841842150,Anika Bandi
165190565932,Armaan Bose
827304691189,Kabir Gera
142529632690,Vidur Borra
433939560424,Vritika Lala
342743008870,Saira Bhattacharyya
373175536635,Manjari Ramesh
877902532432,Tanya Jaggi
443526225758,Samaira Sen
291696581009,Anahi Uppal
241973161010,Kiara Hora
154369370973,Chirag Soman
911958597451,Miraan Kar
352020735846,Adira Mane
397110820725,Aradhya Gera
335022084960,Mohanlal Sarkar
616440752297,Suhana Shetty
727974504952,Anahi Sharma
860273163980,Veer Kurian
351816454904,Nirvaan Bhargava
347172360926,Arhaan Gole
992882950830,Nirvaan Sankar
492519203805,Gokul Mahal
419303451478,Zeeshan Chaudhari
902864602133,Rhea Mammen
476012478436,Himmat Suri
621009028398,Oorja Bhardwaj
428765611175,Parinaaz Shukla
802351672032,Reyansh Mall
437771787549,Rati Kibe
383852068169,Shayak Hayre
335456449619,Farhan Sant
880235610654,Shanaya Dugar
568880400847,Tushar Sule
224543544668,Dharmajan Venkataraman
923585935611,Mohanlal Kurian
949832447742,Aarav Gupta
912920966908,Aaryahi Sandal
126474287258,Priyansh Yogi
696648206066,Aarush Ramaswamy
727012111205,Urvi Mani
594562189153,Ojas Kadakia
904840418699,Kimaya Dash
818977255553,Eshani Dugar
348116791812,Kismat Sen
564450781802,Advik Ravel
894563741519,Parinaaz Keer
330767876850,Kanav Solanki
583521323482,Ahana  Dhar
512141991087,Tejas Gill
316385847146,Diya Basu
341715224821,Samaira Kumer
179796466302,Shanaya Sibal
142200816296,Lagan Goda
809867286376,Ranbir Hora
987124947610,Nishith Dua
460516073751,Tara Shankar
198401849138,Taran Mander
552379233281,Suhana Suri
376188510962,Ahana  Sani
726832067761,Hrishita Saran
421233387598,Adah Subramanian
455160051371,Jhanvi Sen
259882174386,Vidur Bhat
977032829086,Ira Dani
858851622079,Urvi Brahmbhatt
445929792786,Ryan Bains
995563426177,Sana Joshi
530056924151,Divyansh Dara
405099821922,Himmat Lata
425148922950,Emir Kala
456926927470,Lagan Sangha
252123573229,Lagan Apte
230413519157,Nishith Khosla
497980456258,Sara Ahuja
773219898562,Anika Sodhi
727937802182,Reyansh Upadhyay
471690024983,Jayant Deep
427907220977,Aayush Johal
242387736448,Ayesha Ben
226055261497,Madhup Rajagopalan
986295777915,Azad Sanghvi
188956115916,Aarna Cherian
699266781075,Aaina Kari
989115161256,Advik Dara
791506321116,Shamik Jayaraman
425804763878,Advik Sehgal
733688609462,Abram Dalal
945200143746,Lagan Kashyap
807992801663,Gokul Wagle
760409285901,Piya Varughese
113924562328,Nitya Bhandari
266511943227,Aniruddh Gole
165859280240,Shayak Chander
256656152608,Faiyaz Soman
751780538417,Shalv Jaggi
627853469358,Badal Borra
912819024484,Pihu Singhal
672238291980,Chirag Grover
144151421965,Himmat Magar
480497037037,Faiyaz Deep
758049763933,Lakshit Chana
432496683574,Saksham Boase
569600805807,Lagan Rama
553700125074,Lakshit Chadha
259425922130,Jhanvi Verma
309335679669,Rasha Jha
160154698627,Aradhya Dalal
586706093712,Riaan Subramaniam
565675027624,Shaan Garde
292567713773,Advika Kade
886798012862,Kavya Gandhi
228755584551,Oorja Viswanathan
470903899553,Tushar Tiwari
576148293291,Adah Agrawal
492196554033,Divit Tank
792710359048,Yakshit Ben
325038343615,Eva Wable
123030446665,Mamooty Sehgal
319966257054,Hiran Ratta
627319673444,Manjari Magar
894410744406,Indrans Chandran
688612207148,Renee Dyal
630608129689,Akarsh Vig
915652377193,Samarth Dixit
364930365065,Ivana Khare
404716397137,Aarush Saxena
881713862529,Kanav Bajaj
296403048642,Dishani Manda
906777470645,Alisha Subramanian
306018011865,Hridaan Kala
858378041671,Samaira Dube
671753404740,Kashvi Guha
667080807057,Zeeshan Badami
741697158226,Mehul Upadhyay
943471067253,Advika Grover
959452758160,Jivin Balay
581072972428,Stuvan Srinivas
615602554185,Baiju Anne
437300069490,Tara Deep
955673432751,Veer Lata
471782847460,Eshani Gole
647426184288,Yuvaan Sengupta
873563509653,Indrans Srinivasan
269828241934,Taran Chakraborty
586181822863,Alia Dyal
511439886884,Vaibhav Saraf
850363786753,Raunak Soni
396832554667,Indrans Gopal
185739947486,Darshit Kannan
614123987076,Manikya Shah
675380947403,Sahil Halder
920976455489,Aayush Gokhale
778312398344,Sara Balan
892321797164,Yuvraj  Toor
375842322406,Pihu Kala
985229242831,Samarth Aggarwal
876422992376,Yuvaan Venkataraman
813282140294,Ehsaan Dutt
489962596375,Renee Dey
996580513357,Tara Jain
391574553574,Faiyaz Handa
695874290377,Pari Goda
989947250114,Shamik Dar
126556693660,Badal Ramanathan
774332211921,Divyansh Sehgal
284272591148,Aarush Srinivasan
716313502075,Divij Bumb
183333826182,Priyansh Dutt
944696421554,Raghav Tripathi
930447257752,Vanya Sarraf
560133371532,Indrajit Choudhury
195329303783,Tanya Saha
709398306665,Jhanvi Solanki
117005627406,Indrans Sethi
454374992669,Nayantara Bhagat
668559604212,Saira Das
591646933030,Anika Banik
743101071062,Samar Kaur
945304199414,Gokul Kuruvilla
257408872258,Nayantara Gara
688179187247,Divit Rama
808537726203,Amira Butala
211504658515,Faiyaz Doshi
228573415807,Tarini Deol
749271694062,Divyansh Anand
973570063606,Nitya Choudhry
363796310461,Lakshit Chowdhury
674815461457,Mehul Hora
641406168921,Samar Raval
214944870692,Vritika Dhar
623180942663,Badal Kaur
745556054863,Tarini Dewan
514205684986,Baiju Bhargava
956181279086,Saanvi Mani
216875805480,Anaya Mander
666744356736,Vihaan Sehgal
795111666934,Mamooty Kulkarni
699632652747,Saira Ramakrishnan
660773726599,Ishita Shetty
723939026266,Umang Jaggi
965796489728,Manjari Jain
605330189751,Lakshay Lad
228509627810,Piya Raju
129368164796,Ivana Varughese
440749272180,Anvi Rajagopal
540951251917,Lagan Manne
607360998797,Yakshit Dhar
801222844305,Kashvi Desai
556979450295,Manikya Barad
831856947378,Miraya Vora
458070201717,Gokul Sachdev
755624965317,Hrishita Sankar
375828894832,Adah Vala
311058374687,Zoya Hayer
855808171376,Ivana Mandal
494466359020,Divij Mallick
765450602096,Shalv Contractor
813036484556,Advik Garg
601962224310,Vritika Vaidya
216285260389,Armaan Wason
772668167283,Sahil Zachariah
212344078269,Tarini Bajaj
986495107270,Jayesh Dewan
684717892339,Armaan Verma
413137921244,Mamooty Bala
790441718154,Hrishita Bandi
333911766448,Madhav Hans
546690526896,Umang Grewal
877254815106,Jivika De
890570608009,Ivana Dyal
288265173222,Hansh Arora
273974410419,Jivin Chakrabarti
571875915879,Elakshi Mall
985813215645,Armaan Dhar
303024837396,Siya Bhatnagar
938158908885,Kiara Sura
390127602491,Kimaya Krish
669220705703,Faiyaz Sankaran
203599948714,Arnav Bhardwaj
989949062550,Emir Gade
977345722847,Akarsh Bumb
684758790828,Arnav Bath
951372655015,Inaaya  Contractor
444082237148,Madhav Agrawal
517770243814,Anahi Joshi
735208617533,Stuvan Bawa
237045059399,Uthkarsh Sahota
784617216764,Lavanya Sant
894242767827,Jayan Bawa
409160561007,Miraya Karpe
688776362797,Neelofar Bandi
888637291109,Pranay Ray
720296417515,Bhavin Kumer
714938936298,Nitara Iyer
540493492686,Saanvi Sawhney
423150689584,Tejas Iyengar
322637790529,Nishith Chatterjee
856515156895,Siya Ganguly
791387132510,Ryan Gour
956904974982,Saksham Bora
883563063375,Priyansh Seshadri
758571298847,Ela Baria
403194520549,Mohanlal Bhatt
977913548270,Tushar Gala
945082321281,Darshit Mangal
534764815069,Divyansh Yogi
230185989607,Zara Mand
787363988356,Manjari Chanda
794575531421,Indrajit Subramaniam
379637135272,Yuvaan Varughese
977626659351,Stuvan Devan
913516374143,Eshani Sami
806696067091,Tejas Dalal
656154035917,Trisha Vohra
929164231046,Divyansh Wali
939818570284,Lavanya Shah
520707398384,Divij Dhingra
395052145642,Alisha Rajagopalan
658506101105,Anika Borde
475413386446,Siya Sankar
515808581325,Jhanvi Sarraf
521171864275,Kimaya Mane
196592671225,Anaya Chad
407394043360,Shamik Sankaran
274715038193,Jiya Loyal
859739487817,Jhanvi Agrawal
956414291271,Samiha Babu
517002152103,Dhanush Sinha
681391409377,Anay Lala
467353800220,Misha Sandal
631333995835,Manjari Tailor
202344130910,Aaina Raman
572826794877,Trisha Mannan
401693934105,Anaya Venkatesh
216805419808,Zoya Balasubramanian
441705104039,Lakshay Chakraborty
731876703012,Aniruddh Balasubramanian
607461403688,Ayesha Ganesan
597192956753,Shray Sachdeva
443227560105,Purab Shroff
860715194617,Renee Balasubramanian
128991969202,Manikya Kapoor
221535136787,Bhavin Bhatnagar
131432509063,Farhan Issac
740437076989,Mishti Sengupta
589539613296,Tarini Kohli
436621889722,Saira Arora
310544651498,Madhup Brahmbhatt
892429917646,Anahita Mand
498227515659,Kanav Karan
578914153046,Advika Desai
683283849681,Purab Sathe
915769502525,Madhav Ahluwalia
225301660464,Yuvaan Aurora
614356690849,Elakshi Ravel
167588067691,Anay Gopal
124369223641,Dharmajan Din
390050761731,Hazel Butala
527580774930,Sara Guha
162342681252,Ivan Kara
710709565794,Onkar Tata
571348534304,Neysa Sen
535113921905,Prerak Tiwari
449595775657,Khushi Luthra
116190618995,Sara Bera
458161643091,Zain Chand
816942943510,Bhamini Ahluwalia
255712011345,Kismat Ghose
499024584621,Lakshit Grover
482222413726,Indranil Ganesan
210916152181,Zara Deol
320704830105,Kaira Bhalla
812568999702,Dharmajan Kapadia
260970848535,Nitara Ben
867261032505,Rohan Sane
685903509230,Rasha Bakshi
522701919019,Charvi Rastogi
428532180401,Darshit Ramesh
787180192204,Sumer Dara
455467708345,Kaira Raj
813596692672,Rhea Jhaveri
434474405736,Divij Karpe
633030322186,Vedika Sarin
280593674536,Adah Sodhi
611905592948,Navya Das
730715798848,Arhaan Ben
890261921450,Divij Varghese
967962917956,Veer Ghosh
277229202899,Anaya Gour
336058238610,Vritika Barad
110399040332,Anaya Viswanathan
194003467889,Neelofar Raman
836073197096,Nayantara Tata
397506404256,Vardaniya Balan
316450749134,Kashvi Koshy
516634350085,Ishita Basak
677562414232,Hansh Iyengar
898065448073,Raghav Sagar
815260794374,Vritika Kunda
145564346237,Badal Loyal
410682979189,Anaya Buch
491225149904,Nirvi Swaminathan
817694549529,Yuvaan Ganguly
151294561873,Tushar Behl
535289567978,Zeeshan Walia
516000666534,Rohan Barad
727098932035,Amira Koshy
565874202905,Hridaan Bumb
451751705147,Renee Kapadia
973089883921,Darshit Lal
913485034017,Nakul Sani
514110557773,Zeeshan Lad
432233820363,Advik Setty
333335430408,Sara Gill
872384566491,Samar Rajagopal
917222852997,Aradhya Bava
832379779578,Prerak Ganesan
832288708041,Sahil Bhardwaj
268898273709,Dishani Das
404679675523,Vedika Dhar
443925291576,Riaan Raja
482446654936,Stuvan Suresh
719391920281,Drishya Handa
489310278101,Manikya Chawla
475080694391,Pihu Sawhney
811271937368,Kismat Issac
648017772918,Saksham Gera
714816806006,Aniruddh Mane
494713537032,Damini Varghese
876016697627,Nayantara Sarraf
510055868029,Vedika Tara
841169627757,Manikya Vora
233772343725,Yashvi Bhagat
935180009710,Anahi Ravi
548028346352,Aradhya Aggarwal
835746500863,Anay Badami
114686861552,Lagan Ravel
320460782635,Onkar Gara
470391891246,Arnav Ravi
188679256910,Anika Andra
182548086572,Alisha Kumer
714945757159,Anahi Srinivasan
926299350709,Jhanvi Deep
903144330282,Shray Khare
886120429534,Yashvi Gill
974032693279,Badal Bansal
151980581861,Mishti Amble
680055739166,Saanvi Zacharia
944693179232,Mahika Vaidya
676626033920,Yuvraj  Dhawan
670195616167,Miraan Solanki
275415362933,Taran Ramesh
397663550009,Oorja Deep
662104813190,Darshit Vasa
139044626659,Kiaan Sani
921549556201,Shanaya Singhal
761774103691,Jivika Krish
745098120635,Dhanush Walia
897872566580,Emir Dara
685377668107,Diya Lata
693808295044,Shalv Deep
313998448988,Zeeshan Korpal
660086808981,Heer Kamdar
541871000612,Ishaan Devi
629641958144,Anaya Sachdeva
959847164777,Miraan Bhakta
119966055808,Nehmat Sengupta
719890367760,Trisha Mangal
784836385145,Ahana  Karan
199672016020,Dhanuk Sami
590211482295,Jayan Bhat
640568062304,Zaina Rana
731343533026,Kavya Gala
638450524599,Neysa Sen
679289561654,Anika Kala
498890573907,Lakshay Ganesan
968405069740,Anahi Balasubramanian
571864706696,Fateh Tank
183054453031,Adira Chokshi
807281141686,Nirvaan Bala
498108206606,Siya Iyengar
741577751298,Tushar Ramaswamy
843377914076,Jivika Doctor
678857704563,Ryan Bandi
654429758283,Zara Tak
500349364025,Nayantara Doshi
368824733497,Ela Arora
282012034185,Ranbir Lata
308661175730,Rania Kar
989963419897,Diya Balakrishnan
510733631594,Himmat Vig
744206108249,Vivaan Som
723781700489,Azad Rattan
774305392153,Vardaniya Saini
171612873202,Shamik Borra
215701494756,Tejas Karnik
615833335633,Kiara Mani
511862285457,Rhea Bal
995219291378,Hansh Solanki
486733090496,Rhea Chahal
382454649471,Raghav Kaul
379732053470,Dhanush Basu
623106948338,Divit Savant
462297260476,Kavya Dhar
822200358038,Akarsh Singh
130092475990,Priyansh Kata
892591445623,Vritika Ranganathan
488749874572,Kabir Sane
163184635025,Tejas Ahluwalia
104866640943,Manikya Saha
711826337260,Lakshit Varkey
915003012932,Tarini Deshmukh
706756836624,Renee Kumer
448724342490,Prerak Bava
176268752847,Vihaan Banerjee
799638673428,Jivin Rajagopalan
875903528562,Darshit Shah
264198673621,Shray Tailor
984295127560,Ritvik Ganesh
143458186674,Jayesh Deep
704459761327,Neysa Bail
657661175154,Sara Sundaram
269586745892,Rania Desai
911332428202,Nishith Kothari
402181879838,Hiran Ramakrishnan
417975646311,Arnav Soman
245243224615,Azad Kadakia
337746899671,Zara Hari
762743082999,Yuvraj  Bhattacharyya
297717216658,Diya Sule
268266747401,Emir Garg
333548706496,Nakul Contractor
571921830742,Nayantara Bhandari
191802433648,Siya Bhandari
354178409958,Anika Goyal
675976083147,Ryan Bahri
240771157372,Reyansh Shenoy
473585198048,Aradhya Sunder
348065287097,Ela Madan
142349640614,Piya Bawa
790436687476,Tara Bahri
618004125197,Ivan Ramakrishnan
461827695325,Aarna Dutta
185178622019,Navya Swamy
454615663744,Lakshay Lanka
296365414472,Tiya Apte
246802852712,Madhav Saini
420456482314,Anya Bhalla
501941571689,Keya Subramanian
631380242572,Manjari Soni
611492345829,Tarini Kunda
673808322467,Ishaan Soni
218899173112,Eshani Dave
738360350107,Nehmat Chada
797322585500,Divit Som
787963833916,Adah Gandhi
298400106579,Veer Cherian
363371495049,Eva Boase
654153894541,Anahita Bajaj
551651859344,Mehul De
247437256173,Baiju Kalita
953726137898,Raghav Ghose
421661142057,Ranbir Korpal
854863869136,Lavanya Anand
349917357878,Heer Bhatt
951502447237,Eva Chander
137201122140,Tiya Venkatesh
880068167354,Armaan Wali
264540683224,Emir Kuruvilla
617758427641,Advik Verma
778365569756,Mohanlal Bahri
169690427555,Yakshit Bose
184980872865,Kashvi Amble
483376273295,Himmat Vora
663886275485,Aaina Bandi
949413920007,Oorja Khare
442772129553,Chirag Loke
823672469681,Neelofar Srinivas
868394181586,Neelofar Bose
394642300963,Nitya Viswanathan
326221276574,Diya Aurora
933768791633,Jivin Suri
348192647457,Anahi Cherian
975643067399,Siya Bala
493249722385,Biju Dhingra
670267595214,Siya Sawhney
586377089551,Vaibhav Sridhar
504266233394,Zara Sengupta
898400767051,Akarsh Dara
295765826363,Shayak Sankar
229695530325,Vritika Bumb
976000791851,Veer Bali
154881841215,Aarna Chatterjee
403651530603,Dharmajan Bedi
853992369301,Devansh Verma
243681643630,Ahana  Sinha
309649730621,Khushi Thaman
400262533662,Shaan Shukla
333836989080,Onkar Datta
998552364045,Ayesha Deol
709092309718,Yashvi Bhakta
586942332489,Inaaya  Sharaf
850919464121,Farhan Desai
231338947988,Vedika Arora
923555404812,Keya Magar
851116239655,Oorja Gill
322934686824,Kiara Sahni
816231859844,Shayak Sarkar
157182454130,Mannat Seshadri
429809191370,Arhaan Basu
980938196381,Aniruddh Garde
978462818511,Aayush Apte
726917008313,Shayak Rau
146222923306,Umang Suri
600941514190,Zeeshan Deep
434850074462,Indranil Wagle
961175222097,Aarush Varughese
654594750206,Misha Dhaliwal
229596300030,Nehmat Babu
210207841072,Mishti Joshi
346462832704,Pranay Bobal
515380695656,Trisha Ahuja
821101325476,Drishya Anand
840683961480,Samarth Mall
344033445515,Emir Kapadia
313122130538,Taran Vyas
671066815436,Kabir Halder
351234363423,Nirvi Lad
852418582661,Hazel Srivastava
921024544104,Nirvi Bahri
118527489693,Tiya Sem
867760708539,Kabir Bhardwaj
692537225851,Kartik Dhar
277270538560,Ivana Iyengar
359393867769,Devansh Handa
617471599830,Stuvan Mandal
485524755116,Mishti Ghose
686222386321,Khushi Chadha
411592702493,Siya Sarma
567655750928,Divij Bhargava
506600702805,Gatik Dara
606908909298,Sumer Savant
653668533258,Yasmin Sundaram
850030242105,Mohanlal Bedi
930764339048,Ojas Rajagopal
531138283794,Tiya Deep
357948922245,Aayush Malhotra
673578819509,Adira Dugar
184366502877,Tarini Baria
780598352633,Kanav Kuruvilla
428971605724,Dishani Contractor
191571110988,Alia Balakrishnan
103533589101,Kaira Lad
357892558401,Devansh Kota
408184783225,Charvi Bir
750041773132,Darshit Keer
485836868975,Fateh Jain
555018985716,Alia Dash
255764139534,Nirvaan Batta
540825622851,Yuvraj  Madan
606249551302,Prisha Bhatia
682680847377,Ayesha Gulati
916327097793,Myra Tripathi
638633481215,Aarush Upadhyay
197075946904,Jhanvi Chatterjee
186290927670,Ranbir Koshy
695069877145,Ishaan Aggarwal
654265452738,Jiya Raju
162362191457,Aarav Andra
138685088658,Navya Lal
969082414231,Heer Agarwal
808806440968,Faiyaz Chadha
821801793561,Myra Bhattacharyya
880425077079,Kiara Date
132760074109,Rati Chaudry
309529037475,Mannat Raju
260183157814,Yakshit Ganguly
577665806290,Anaya Chopra
527589524948,Yakshit Roy
229254707839,Yuvaan Sheth
234168011797,Sumer Datta
350141746934,Elakshi Sem
895013370904,Manikya Raja
547648038990,Jayesh Sheth
823792090847,Lakshit Devi
921735716234,Adira Samra
918091165913,Aniruddh Rattan
895222391491,Gokul Kumar
752440100019,Akarsh Sibal
483060005536,Advika Bains
419363703124,Jiya Chahal
249472961647,Anay Mahajan
309616751276,Vardaniya Cherian
525410629571,Riaan Dalal
294060734988,Samar Dâ€™Alia
740759107824,Kiaan Dixit
809537486896,Neelofar Maharaj
702929832599,Suhana Kadakia
108755712768,Nakul Samra
436217052995,Anahi Arora
397622655531,Misha Chanda
505082695703,Vivaan Aurora
262934279933,Mannat Krish
335440308743,Nirvaan Sinha
133830630601,Armaan Vig
682523097146,Samarth Raja
686132345908,Ehsaan Kale
604087042001,Lagan Char
876688174597,Eva Borah
504446656225,Gokul Chawla
359375783986,Shalv Kade
952315134574,Yuvraj  Hora
218935671814,Vanya Golla
508601998166,Yashvi Seshadri
400165625944,Parinaaz Chaudry
868322336294,Prisha Sawhney
648711511416,Indrans Hegde
150578673684,Kiara Reddy
614197682706,Ivana Grewal
204996229637,Romil Raju
853745793400,Alisha Krishnamurthy
999033134217,Piya Gill
174018330373,Advik Bansal
138579176544,Ayesha Jayaraman
414436097326,Hridaan Ray
743274919134,Nitya Wali
228522454212,Mamooty Banerjee
674736806492,Zain Bhatia
960897554786,Biju Kashyap
143936148742,Adira Kapadia
888537005297,Ivana Balasubramanian
147813063065,Tanya Dugal
685307983802,Amani Thakur
814954189518,Anay Swamy
905642527409,Tiya Dani
947389861781,Lakshit Goyal
879602235999,Kanav Dube
556507134254,Bhavin Biswas
232173893705,Indrans Upadhyay
779450818305,Ayesha Agarwal
904903285627,Madhup Krishna
666770152054,Sana Sinha
723469137612,Neelofar Vora
135331423668,Mannat Hegde
496031359685,Yasmin Chandra
260638102481,Arnav Varkey
231333440621,Gatik Ahluwalia
193393050792,Adira Balakrishnan
982249789115,Miraan Borde
115052810440,Miraan Banerjee
538106843720,Eshani Dutt
314088337514,Gatik Kibe
498179991589,Abram Deshpande
615003226847,Hrishita Lanka
891491149768,Aniruddh Keer
239783666750,Indrajit Khare
348060925540,Devansh Jani
698416399005,Parinaaz Kakar
209903167496,Inaaya  Raja
994586140966,Tushar Setty
750843810495,Rohan Kannan
631795483669,Pranay Khanna
410594546013,Hazel Master
328805879695,Jayesh Rajan
640513161398,Ivan Upadhyay
478556570571,Divyansh Barman
677298808484,Tara Uppal
687388263417,Yuvraj  Wason
606303924558,Jayesh Thaman
678302449810,Dhanush Brahmbhatt
815238352756,Onkar Ram
447040195927,Anika Bhakta
204379037218,Miraan Chatterjee
746350367765,Nirvi De
608686102015,Kimaya Chaudhry
598506825471,Jiya Sabharwal
875600400196,Miraya Sarkar
846445234066,Mishti Dhillon
505714646497,Aarav Bahri
155376168672,Mehul Tiwari
